{"mean": [106.477783203125, 165.21864318847656, 236.67845153808594], "std": [36.328548431396484, 40.128753662109375, 41.20740509033203]}